s,p,o
точіння,перевага,простий інструмент
точіння,перевага,точність
нарізання мітчиком,недолік,спеціальний інструмент
нарізання мітчиком,перевага,технологічність
точіння,перевага,продуктивність
точіння,перевага,універсальність
точіння,недолік,нетехнологічність
точіння,перевага,низька вартість
точіння,перевага,гладка поверхня
точіння,недолік,обмеження по матеріалу
точіння,недолік,висока чутливість до умов
нарізання мітчиком,недолік,вимоги до точності
нарізання мітчиком,недолік,можливість зношування інструменту
нарізання мітчиком,перевага,швидкість обробки
нарізання мітчиком,перевага,забезпечення надійності з'єднання
нарізання мітчиком,перевага,можливість обробки складних форм
шліфування,перевага,висока точність
шліфування,перевага,якість обробки
шліфування,перевага,здатність обробляти матеріали з високою твердістю
шліфування,перевага,гладка поверхня
шліфування,недолік,повільна швидкість обробки
шліфування,недолік,високі витрати на абразивні матеріали
шліфування,недолік,обробка на спеціалізованих верстатах
лазерна обробка,недолік,вартість обладнання
лазерна обробка,недолік,обмеження на товщину матеріалів
лазерна обробка,перевага,обробка тонких матеріалів
лазерна обробка,перевага,висока точність
лазерна обробка,перевага,якість різання
лазерна обробка,перевага,безконтактність з матеріалом
фрезерування,перевага,продуктивність обробки
фрезерування,перевага,обробка складних форм і профілів
фрезерування,недолік,витратність на інструменти
фрезерування,недолік,точне налаштування верстата
фрезерування,недолік,вібрації і шум під час обробки
пресування,перевага,створення складних форм з високою точністю
пресування,перевага,застосування для різних матеріалів
пресування,недолік,обмеження на товщину матеріалів
пресування,недолік,попередня підготовка матеріалу
пресування,недолік,затратність на обладнання
